,Unnamed: 0,created_utc,id,num_comments,score,selftext,subreddit,title,created,d_
0,,2011-04-01 01:22:18,gfzay,8,15,,transgender,My Secret Self - 20/20 Special about transgender kids,1301646138.0,"{'created_utc': 1301620938, 'id': 'gfzay', 'num_comments': 8, 'score': 15, 'selftext': '', 'subreddit': 'transgender', 'title': 'My Secret Self - 20/20 Special about transgender kids', 'created': 1301646138.0}"
1,,2011-04-01 02:27:15,gg0tc,0,8,,transgender,Didn't see this one coming.,1301650035.0,"{'created_utc': 1301624835, 'id': 'gg0tc', 'num_comments': 0, 'score': 8, 'selftext': '', 'subreddit': 'transgender', 'title': ""Didn't see this one coming."", 'created': 1301650035.0}"
2,,2011-04-01 08:09:48,gg81c,3,8,,transgender,The genderbread person.  A modest *start* to approaching graphing identity in an honest fashion.,1301670588.0,"{'created_utc': 1301645388, 'id': 'gg81c', 'num_comments': 3, 'score': 8, 'selftext': '', 'subreddit': 'transgender', 'title': 'The genderbread person.  A modest *start* to approaching graphing identity in an honest fashion.', 'created': 1301670588.0}"
3,,2011-04-01 10:50:24,ggaao,5,33,,transgender,Trans women are women.,1301680224.0,"{'created_utc': 1301655024, 'id': 'ggaao', 'num_comments': 5, 'score': 33, 'selftext': '', 'subreddit': 'transgender', 'title': 'Trans women are women.', 'created': 1301680224.0}"
4,,2011-04-01 16:56:58,ggil2,1,7,,transgender,trans women and sex: a discussion,1301702218.0,"{'created_utc': 1301677018, 'id': 'ggil2', 'num_comments': 1, 'score': 7, 'selftext': '', 'subreddit': 'transgender', 'title': 'trans women and sex: a discussion', 'created': 1301702218.0}"
5,,2011-04-01 18:22:17,ggkvs,2,10,,transgender,Frank plans to reintroduce Employment Non-Discrimination Act this week,1301707337.0,"{'created_utc': 1301682137, 'id': 'ggkvs', 'num_comments': 2, 'score': 10, 'selftext': '', 'subreddit': 'transgender', 'title': 'Frank plans to reintroduce Employment Non-Discrimination Act this week', 'created': 1301707337.0}"
6,,2011-04-01 20:01:07,ggnff,2,11,,transgender,"Subj*ctifying Trans P*opl*: *xplorations in Transg*nd*r Studi*s, Part I",1301713267.0,"{'created_utc': 1301688067, 'id': 'ggnff', 'num_comments': 2, 'score': 11, 'selftext': '', 'subreddit': 'transgender', 'title': 'Subj*ctifying Trans P*opl*: *xplorations in Transg*nd*r Studi*s, Part I', 'created': 1301713267.0}"
7,,2011-04-02 02:13:39,gguvs,1,11,,transgender,An Actual Transgender Fairy Tale (also posted on r/lgbt),1301735619.0,"{'created_utc': 1301710419, 'id': 'gguvs', 'num_comments': 1, 'score': 11, 'selftext': '', 'subreddit': 'transgender', 'title': 'An Actual Transgender Fairy Tale (also posted on r/lgbt)', 'created': 1301735619.0}"
8,,2011-04-02 03:38:51,ggw76,16,40,,transgender,Little things :),1301740731.0,"{'created_utc': 1301715531, 'id': 'ggw76', 'num_comments': 16, 'score': 40, 'selftext': '', 'subreddit': 'transgender', 'title': 'Little things :)', 'created': 1301740731.0}"
9,,2011-04-02 05:52:28,ggy8h,1,10,,transgender,"Passport Day in the USA - April 9, 2011",1301748748.0,"{'created_utc': 1301723548, 'id': 'ggy8h', 'num_comments': 1, 'score': 10, 'selftext': '', 'subreddit': 'transgender', 'title': 'Passport Day in the USA - April 9, 2011', 'created': 1301748748.0}"
10,,2011-04-02 18:50:50,gh7w4,12,22,,transgender,"""Welcome to Womanhood""",1301795450.0,"{'created_utc': 1301770250, 'id': 'gh7w4', 'num_comments': 12, 'score': 22, 'selftext': '', 'subreddit': 'transgender', 'title': '""Welcome to Womanhood""', 'created': 1301795450.0}"
11,,2011-04-03 01:22:55,ghen8,0,10,,transgender,"Trailer for ""Tales of the Waria"", film about trans women in Indonesia (and an interview with the director)",1301818975.0,"{'created_utc': 1301793775, 'id': 'ghen8', 'num_comments': 0, 'score': 10, 'selftext': '', 'subreddit': 'transgender', 'title': 'Trailer for ""Tales of the Waria"", film about trans women in Indonesia (and an interview with the director)', 'created': 1301818975.0}"
12,,2011-04-03 06:08:10,ghid2,0,1,,transgender,"10 Reasons to Date a Transgendered Woman [Warning: the humor is a bit edgy. Made me laugh, but probably shouldn't have]",1301836090.0,"{'created_utc': 1301810890, 'id': 'ghid2', 'num_comments': 0, 'score': 1, 'selftext': '', 'subreddit': 'transgender', 'title': ""10 Reasons to Date a Transgendered Woman [Warning: the humor is a bit edgy. Made me laugh, but probably shouldn't have]"", 'created': 1301836090.0}"
13,,2011-04-04 02:47:52,gi0x5,0,1,,transgender,Please come join us at a new subreddit about loving yourself: mind and body!,1301910472.0,"{'created_utc': 1301885272, 'id': 'gi0x5', 'num_comments': 0, 'score': 1, 'selftext': '', 'subreddit': 'transgender', 'title': 'Please come join us at a new subreddit about loving yourself: mind and body!', 'created': 1301910472.0}"
14,,2011-04-04 05:46:39,gi4ap,7,32,,transgender,Jim Collins Foundation: nonprofit that funds SRS for those who can't afford it,1301921199.0,"{'created_utc': 1301895999, 'id': 'gi4ap', 'num_comments': 7, 'score': 32, 'selftext': '', 'subreddit': 'transgender', 'title': ""Jim Collins Foundation: nonprofit that funds SRS for those who can't afford it"", 'created': 1301921199.0}"
15,,2011-04-05 14:51:38,gj4d1,10,34,,transgender,Religious leaders revive bid to pass trans rights bill in Massachusetts,1302040298.0,"{'created_utc': 1302015098, 'id': 'gj4d1', 'num_comments': 10, 'score': 34, 'selftext': '', 'subreddit': 'transgender', 'title': 'Religious leaders revive bid to pass trans rights bill in Massachusetts', 'created': 1302040298.0}"
16,,2011-04-05 20:39:07,gjdj0,2,8,,transgender,Boy I Am (2006 Documentary Female-To-Male Transsexuals) Part 1 of 5 ,1302061147.0,"{'created_utc': 1302035947, 'id': 'gjdj0', 'num_comments': 2, 'score': 8, 'selftext': '', 'subreddit': 'transgender', 'title': 'Boy I Am (2006 Documentary Female-To-Male Transsexuals) Part 1 of 5 ', 'created': 1302061147.0}"
17,,2011-04-06 04:07:46,gjnib,2,2,,transgender,Transition,1302088066.0,"{'created_utc': 1302062866, 'id': 'gjnib', 'num_comments': 2, 'score': 2, 'selftext': '', 'subreddit': 'transgender', 'title': 'Transition', 'created': 1302088066.0}"
18,,2011-04-06 04:23:12,gjntl,6,13,,transgender,"Just saying they're there.  You got just one hour, I'd go Red w/o Blue. ",1302088992.0,"{'created_utc': 1302063792, 'id': 'gjntl', 'num_comments': 6, 'score': 13, 'selftext': '', 'subreddit': 'transgender', 'title': ""Just saying they're there.  You got just one hour, I'd go Red w/o Blue. "", 'created': 1302088992.0}"
19,,2011-04-06 05:41:51,gjpe2,3,7,,transgender,"""The truth is that we all start out appearing neither female nor male, and we certainly don't start out with penises. We all start out intersex.""",1302093711.0,"{'created_utc': 1302068511, 'id': 'gjpe2', 'num_comments': 3, 'score': 7, 'selftext': '', 'subreddit': 'transgender', 'title': '""The truth is that we all start out appearing neither female nor male, and we certainly don\'t start out with penises. We all start out intersex.""', 'created': 1302093711.0}"
20,,2011-04-06 05:43:11,gjpfe,0,4,,transgender,Grave of Stone Age (possibly) transgender person excavated in Prague. ,1302093791.0,"{'created_utc': 1302068591, 'id': 'gjpfe', 'num_comments': 0, 'score': 4, 'selftext': '', 'subreddit': 'transgender', 'title': 'Grave of Stone Age (possibly) transgender person excavated in Prague. ', 'created': 1302093791.0}"
21,,2011-04-06 11:00:30,gjtrk,2,22,,transgender,"For every transgender kid seeing a physician, “there are 10 we’re not seeing"" ",1302112830.0,"{'created_utc': 1302087630, 'id': 'gjtrk', 'num_comments': 2, 'score': 22, 'selftext': '', 'subreddit': 'transgender', 'title': 'For every transgender kid seeing a physician, “there are 10 we’re not seeing"" ', 'created': 1302112830.0}"
22,,2011-04-06 11:33:25,gju60,5,2,,transgender,Washington Times editoral: Could Jocelyn Wildenstein - famously nicknamed “Catwoman” for the feline appearance she achieved through multiple plastic surgeries - decide after years of struggling with her identity that she is actually a cat?,1302114805.0,"{'created_utc': 1302089605, 'id': 'gju60', 'num_comments': 5, 'score': 2, 'selftext': '', 'subreddit': 'transgender', 'title': 'Washington Times editoral: Could Jocelyn Wildenstein - famously nicknamed “Catwoman” for the feline appearance she achieved through multiple plastic surgeries - decide after years of struggling with her identity that she is actually a cat?', 'created': 1302114805.0}"
23,,2011-04-06 14:21:54,gjx58,18,77,,transgender,Came across an old photo of myself and I thought I'd make one of those Before/After things for you guys... :),1302124914.0,"{'created_utc': 1302099714, 'id': 'gjx58', 'num_comments': 18, 'score': 77, 'selftext': '', 'subreddit': 'transgender', 'title': ""Came across an old photo of myself and I thought I'd make one of those Before/After things for you guys... :)"", 'created': 1302124914.0}"
24,,2011-04-06 16:51:40,gk0wm,4,9,,transgender,"We need all the support we get, pharma is attacking trans and other vulnerable citizens by trying to deny access to international pharmacies and YOU can help keep it from happening",1302133900.0,"{'created_utc': 1302108700, 'id': 'gk0wm', 'num_comments': 4, 'score': 9, 'selftext': '', 'subreddit': 'transgender', 'title': 'We need all the support we get, pharma is attacking trans and other vulnerable citizens by trying to deny access to international pharmacies and YOU can help keep it from happening', 'created': 1302133900.0}"
25,,2011-04-06 18:07:13,gk2vk,2,3,,transgender,How is it possible that your facial features become more feminine with HRT? (Suggested crosspost from /r/Answers),1302138433.0,"{'created_utc': 1302113233, 'id': 'gk2vk', 'num_comments': 2, 'score': 3, 'selftext': '', 'subreddit': 'transgender', 'title': 'How is it possible that your facial features become more feminine with HRT? (Suggested crosspost from /r/Answers)', 'created': 1302138433.0}"
26,,2011-04-06 19:38:26,gk56g,0,1,,transgender,Damn I'm annoyed. Really really annoyed. Letter back from GP about referral.,1302143906.0,"{'created_utc': 1302118706, 'id': 'gk56g', 'num_comments': 0, 'score': 1, 'selftext': '', 'subreddit': 'transgender', 'title': ""Damn I'm annoyed. Really really annoyed. Letter back from GP about referral."", 'created': 1302143906.0}"
27,,2011-04-06 20:36:52,gk6qq,5,2,,transgender,Two-thirds of Triad alcohol wipes found contaminated with harmful bacteria (relevant to those who inject hormones or other medication),1302147412.0,"{'created_utc': 1302122212, 'id': 'gk6qq', 'num_comments': 5, 'score': 2, 'selftext': '', 'subreddit': 'transgender', 'title': 'Two-thirds of Triad alcohol wipes found contaminated with harmful bacteria (relevant to those who inject hormones or other medication)', 'created': 1302147412.0}"
28,,2011-04-06 23:11:05,gkaed,12,19,,transgender,Steam-style achievements for your transition progress,1302156665.0,"{'created_utc': 1302131465, 'id': 'gkaed', 'num_comments': 12, 'score': 19, 'selftext': '', 'subreddit': 'transgender', 'title': 'Steam-style achievements for your transition progress', 'created': 1302156665.0}"
29,,2011-04-07 00:40:57,gkcbe,5,13,,transgender,"I was listening to my favorite band Kansas and discovered a song about ""Andi"". Beautiful.",1302162057.0,"{'created_utc': 1302136857, 'id': 'gkcbe', 'num_comments': 5, 'score': 13, 'selftext': '', 'subreddit': 'transgender', 'title': 'I was listening to my favorite band Kansas and discovered a song about ""Andi"". Beautiful.', 'created': 1302162057.0}"
30,,2011-04-07 00:43:35,gkcdc,6,5,,transgender,Advice God on Trans Issues,1302162215.0,"{'created_utc': 1302137015, 'id': 'gkcdc', 'num_comments': 6, 'score': 5, 'selftext': '', 'subreddit': 'transgender', 'title': 'Advice God on Trans Issues', 'created': 1302162215.0}"
31,,2011-04-07 12:05:19,gko74,4,19,,transgender,Aboriginal Woman commits suicide in male prison,1302203119.0,"{'created_utc': 1302177919, 'id': 'gko74', 'num_comments': 4, 'score': 19, 'selftext': '', 'subreddit': 'transgender', 'title': 'Aboriginal Woman commits suicide in male prison', 'created': 1302203119.0}"
32,,2011-04-07 12:14:15,gkobx,28,9,,transgender,Barnard struggles to accommodate trans students while maintaining itself as a college for women,1302203655.0,"{'created_utc': 1302178455, 'id': 'gkobx', 'num_comments': 28, 'score': 9, 'selftext': '', 'subreddit': 'transgender', 'title': 'Barnard struggles to accommodate trans students while maintaining itself as a college for women', 'created': 1302203655.0}"
33,,2011-04-07 12:16:10,gkocy,0,1,,transgender,"Dean Spade: ""We are impossible people.""",1302203770.0,"{'created_utc': 1302178570, 'id': 'gkocy', 'num_comments': 0, 'score': 1, 'selftext': '', 'subreddit': 'transgender', 'title': 'Dean Spade: ""We are impossible people.""', 'created': 1302203770.0}"
34,,2011-04-07 13:28:41,gkpl3,0,1,,transgender,Are you a T who writes C?,1302208121.0,"{'created_utc': 1302182921, 'id': 'gkpl3', 'num_comments': 0, 'score': 1, 'selftext': '', 'subreddit': 'transgender', 'title': 'Are you a T who writes C?', 'created': 1302208121.0}"
35,,2011-04-07 14:19:43,gkqq6,0,1,,transgender,Are you a T who writes C?,1302211183.0,"{'created_utc': 1302185983, 'id': 'gkqq6', 'num_comments': 0, 'score': 1, 'selftext': '', 'subreddit': 'transgender', 'title': 'Are you a T who writes C?', 'created': 1302211183.0}"
36,,2011-04-07 17:03:15,gkv1c,36,23,,transgender,Non-survivor privilege and silence,1302220995.0,"{'created_utc': 1302195795, 'id': 'gkv1c', 'num_comments': 36, 'score': 23, 'selftext': '', 'subreddit': 'transgender', 'title': 'Non-survivor privilege and silence', 'created': 1302220995.0}"
37,,2011-04-07 22:05:30,gl2n2,0,3,,transgender,"Cook County, Ill. Jail to house inmates based on gender identity",1302239130.0,"{'created_utc': 1302213930, 'id': 'gl2n2', 'num_comments': 0, 'score': 3, 'selftext': '', 'subreddit': 'transgender', 'title': 'Cook County, Ill. Jail to house inmates based on gender identity', 'created': 1302239130.0}"
38,,2011-04-07 22:59:19,gl3ul,7,15,,transgender,Researchers Dig Up 'Homosexual Or Transsexual' Caveman Near Prague,1302242359.0,"{'created_utc': 1302217159, 'id': 'gl3ul', 'num_comments': 7, 'score': 15, 'selftext': '', 'subreddit': 'transgender', 'title': ""Researchers Dig Up 'Homosexual Or Transsexual' Caveman Near Prague"", 'created': 1302242359.0}"
39,,2011-04-08 01:23:58,gl6u0,0,28,,transgender,Cook County Jail Introduces Transgender Housing,1302251038.0,"{'created_utc': 1302225838, 'id': 'gl6u0', 'num_comments': 0, 'score': 28, 'selftext': '', 'subreddit': 'transgender', 'title': 'Cook County Jail Introduces Transgender Housing', 'created': 1302251038.0}"
40,,2011-04-09 04:14:28,glzam,0,15,,transgender,Xpost from IAmA,1302347668.0,"{'created_utc': 1302322468, 'id': 'glzam', 'num_comments': 0, 'score': 15, 'selftext': '', 'subreddit': 'transgender', 'title': 'Xpost from IAmA', 'created': 1302347668.0}"
41,,2011-04-09 17:09:07,gm8hm,0,1,,transgender,"X-post from LGBT: Hey, reddit! I wrote this story about transgender inclusiveness at my university. Let me know what you think.",1302394147.0,"{'created_utc': 1302368947, 'id': 'gm8hm', 'num_comments': 0, 'score': 1, 'selftext': '', 'subreddit': 'transgender', 'title': 'X-post from LGBT: Hey, reddit! I wrote this story about transgender inclusiveness at my university. Let me know what you think.', 'created': 1302394147.0}"
42,,2011-04-09 19:09:09,gmalv,4,14,,transgender,"2004 article on an East German athlete who was billed as having been ""turned into a transsexual"" while being treated with hormones non-consensually",1302401349.0,"{'created_utc': 1302376149, 'id': 'gmalv', 'num_comments': 4, 'score': 14, 'selftext': '', 'subreddit': 'transgender', 'title': '2004 article on an East German athlete who was billed as having been ""turned into a transsexual"" while being treated with hormones non-consensually', 'created': 1302401349.0}"
43,,2011-04-09 19:45:51,gmb8w,6,7,,transgender,Oldest known gay man or trans woman found by archaeologists ,1302403551.0,"{'created_utc': 1302378351, 'id': 'gmb8w', 'num_comments': 6, 'score': 7, 'selftext': '', 'subreddit': 'transgender', 'title': 'Oldest known gay man or trans woman found by archaeologists ', 'created': 1302403551.0}"
44,,2011-04-09 23:42:40,gmfap,0,2,,transgender,Trans Rights in Washington,1302417760.0,"{'created_utc': 1302392560, 'id': 'gmfap', 'num_comments': 0, 'score': 2, 'selftext': '', 'subreddit': 'transgender', 'title': 'Trans Rights in Washington', 'created': 1302417760.0}"
45,,2011-04-10 09:10:07,gmmxo,0,24,,transgender,Brothers of aboriginal woman ask:  Why did our sister die in a men's jail?,1302451807.0,"{'created_utc': 1302426607, 'id': 'gmmxo', 'num_comments': 0, 'score': 24, 'selftext': '', 'subreddit': 'transgender', 'title': ""Brothers of aboriginal woman ask:  Why did our sister die in a men's jail?"", 'created': 1302451807.0}"
46,,2011-04-10 21:51:51,gmx7e,5,13,,transgender,[NSFW] [video] Tobi Hill-Meyer on trans women and strap-ons,1302497511.0,"{'created_utc': 1302472311, 'id': 'gmx7e', 'num_comments': 5, 'score': 13, 'selftext': '', 'subreddit': 'transgender', 'title': '[NSFW] [video] Tobi Hill-Meyer on trans women and strap-ons', 'created': 1302497511.0}"
47,,2011-04-11 02:11:08,gn2bu,0,9,,transgender,'I'm not dead yet!' - Maryland Gender Equality bill might just pass before the session ends this week!,1302513068.0,"{'created_utc': 1302487868, 'id': 'gn2bu', 'num_comments': 0, 'score': 9, 'selftext': '', 'subreddit': 'transgender', 'title': ""'I'm not dead yet!' - Maryland Gender Equality bill might just pass before the session ends this week!"", 'created': 1302513068.0}"
48,,2011-04-11 05:21:38,gn6d2,0,14,,transgender,Transitioned trans guy fired from government job in NJ only for his status. Discrimination lawsuit follows.,1302524498.0,"{'created_utc': 1302499298, 'id': 'gn6d2', 'num_comments': 0, 'score': 14, 'selftext': '', 'subreddit': 'transgender', 'title': 'Transitioned trans guy fired from government job in NJ only for his status. Discrimination lawsuit follows.', 'created': 1302524498.0}"
49,,2011-04-11 05:27:01,gn6h3,13,41,,transgender,Trans guy fired only for coming out as trans. He rejected a settlement and is pursuing further legal discourse.,1302524821.0,"{'created_utc': 1302499621, 'id': 'gn6h3', 'num_comments': 13, 'score': 41, 'selftext': '', 'subreddit': 'transgender', 'title': 'Trans guy fired only for coming out as trans. He rejected a settlement and is pursuing further legal discourse.', 'created': 1302524821.0}"
50,,2011-04-11 07:11:40,gn8b5,6,11,,transgender,A Lawsuit’s Unusual Question: Who Is a Man?,1302531100.0,"{'created_utc': 1302505900, 'id': 'gn8b5', 'num_comments': 6, 'score': 11, 'selftext': '', 'subreddit': 'transgender', 'title': 'A Lawsuit’s Unusual Question: Who Is a Man?', 'created': 1302531100.0}"
51,,2011-04-11 17:10:10,gnino,41,108,,transgender,"""Because you think being a girl is degrading"" [xpost /2XC]",1302567010.0,"{'created_utc': 1302541810, 'id': 'gnino', 'num_comments': 41, 'score': 108, 'selftext': '', 'subreddit': 'transgender', 'title': '""Because you think being a girl is degrading"" [xpost /2XC]', 'created': 1302567010.0}"
52,,2011-04-12 04:38:53,gnz1a,0,12,,transgender,Maryland Gender Equality Bill Dies In Senate,1302608333.0,"{'created_utc': 1302583133, 'id': 'gnz1a', 'num_comments': 0, 'score': 12, 'selftext': '', 'subreddit': 'transgender', 'title': 'Maryland Gender Equality Bill Dies In Senate', 'created': 1302608333.0}"
53,,2011-04-12 09:47:22,go3og,5,7,,transgender,UK government trans people survey,1302626842.0,"{'created_utc': 1302601642, 'id': 'go3og', 'num_comments': 5, 'score': 7, 'selftext': '', 'subreddit': 'transgender', 'title': 'UK government trans people survey', 'created': 1302626842.0}"
54,,2011-04-12 16:00:08,goalo,25,43,,transgender,"Fox News reviews J. Crew catalog ad and unleashes a torrent of cis normative, heteronormative sexism",1302649208.0,"{'created_utc': 1302624008, 'id': 'goalo', 'num_comments': 25, 'score': 43, 'selftext': '', 'subreddit': 'transgender', 'title': 'Fox News reviews J. Crew catalog ad and unleashes a torrent of cis normative, heteronormative sexism', 'created': 1302649208.0}"
55,,2011-04-12 17:46:06,godco,2,11,,transgender,Trans rights bill advances in Nevada state legislature (don't read the comments),1302655566.0,"{'created_utc': 1302630366, 'id': 'godco', 'num_comments': 2, 'score': 11, 'selftext': '', 'subreddit': 'transgender', 'title': ""Trans rights bill advances in Nevada state legislature (don't read the comments)"", 'created': 1302655566.0}"
56,,2011-04-12 17:46:26,godd0,1,11,,transgender,Maryland trans rights bill dead,1302655586.0,"{'created_utc': 1302630386, 'id': 'godd0', 'num_comments': 1, 'score': 11, 'selftext': '', 'subreddit': 'transgender', 'title': 'Maryland trans rights bill dead', 'created': 1302655586.0}"
57,,2011-04-12 17:58:22,godoa,12,71,,transgender,I’m Just Your Typical Urban Hipster Femme Twentysomething Trans Lesbian,1302656302.0,"{'created_utc': 1302631102, 'id': 'godoa', 'num_comments': 12, 'score': 71, 'selftext': '', 'subreddit': 'transgender', 'title': 'I’m Just Your Typical Urban Hipster Femme Twentysomething Trans Lesbian', 'created': 1302656302.0}"
58,,2011-04-12 18:04:32,goduo,0,12,,transgender,California resident? The Transgender Law Center will help you lobby your elected representatives face-to-face,1302656672.0,"{'created_utc': 1302631472, 'id': 'goduo', 'num_comments': 0, 'score': 12, 'selftext': '', 'subreddit': 'transgender', 'title': 'California resident? The Transgender Law Center will help you lobby your elected representatives face-to-face', 'created': 1302656672.0}"
59,,2011-04-12 20:50:33,goi9r,27,42,,transgender,Scientists find single ‘on-off’ gene that can change gender traits,1302666633.0,"{'created_utc': 1302641433, 'id': 'goi9r', 'num_comments': 27, 'score': 42, 'selftext': '', 'subreddit': 'transgender', 'title': 'Scientists find single ‘on-off’ gene that can change gender traits', 'created': 1302666633.0}"
60,,2011-04-12 22:32:42,gokvw,0,4,,transgender,"Ablow Launches Inaccurate, Transphobic Attack On J. Crew Advertisement",1302672762.0,"{'created_utc': 1302647562, 'id': 'gokvw', 'num_comments': 0, 'score': 4, 'selftext': '', 'subreddit': 'transgender', 'title': 'Ablow Launches Inaccurate, Transphobic Attack On J. Crew Advertisement', 'created': 1302672762.0}"
61,,2011-04-13 01:16:09,goohd,1,2,,transgender,I humbly submit my idea for an avatar of all gatekeeping bullshit. Just Another Fucking Runaround = JAFR = Jafar,1302682569.0,"{'created_utc': 1302657369, 'id': 'goohd', 'num_comments': 1, 'score': 2, 'selftext': '', 'subreddit': 'transgender', 'title': 'I humbly submit my idea for an avatar of all gatekeeping bullshit. Just Another Fucking Runaround = JAFR = Jafar', 'created': 1302682569.0}"
62,,2011-04-13 01:59:39,gopj2,1,2,,transgender,dad's having a baby [have we all seen this yet?],1302685179.0,"{'created_utc': 1302659979, 'id': 'gopj2', 'num_comments': 1, 'score': 2, 'selftext': '', 'subreddit': 'transgender', 'title': ""dad's having a baby [have we all seen this yet?]"", 'created': 1302685179.0}"
63,,2011-04-13 07:41:32,gowl3,15,0,,transgender,One transwoman’s view on trans-inclusion at MWMF,1302705692.0,"{'created_utc': 1302680492, 'id': 'gowl3', 'num_comments': 15, 'score': 0, 'selftext': '', 'subreddit': 'transgender', 'title': 'One transwoman’s view on trans-inclusion at MWMF', 'created': 1302705692.0}"
64,,2011-04-14 01:11:52,gpj16,0,34,,transgender,Hawaii passes transgender employment protections,1302768712.0,"{'created_utc': 1302743512, 'id': 'gpj16', 'num_comments': 0, 'score': 34, 'selftext': '', 'subreddit': 'transgender', 'title': 'Hawaii passes transgender employment protections', 'created': 1302768712.0}"
65,,2011-04-14 01:14:22,gpj3e,6,16,,transgender,Maine debates scary transgender law which allow the operator of a restroom to determine which restroom patrons are allowed to use.  ,1302768862.0,"{'created_utc': 1302743662, 'id': 'gpj3e', 'num_comments': 6, 'score': 16, 'selftext': '', 'subreddit': 'transgender', 'title': 'Maine debates scary transgender law which allow the operator of a restroom to determine which restroom patrons are allowed to use.  ', 'created': 1302768862.0}"
66,,2011-04-14 16:21:31,gq0a5,15,16,,transgender,Smith rejects trans* student's right to host prospective students,1302823291.0,"{'created_utc': 1302798091, 'id': 'gq0a5', 'num_comments': 15, 'score': 16, 'selftext': '', 'subreddit': 'transgender', 'title': ""Smith rejects trans* student's right to host prospective students"", 'created': 1302823291.0}"
67,,2011-04-14 17:57:40,gq2wd,6,4,,transgender,I love these bois! ^_^,1302829060.0,"{'created_utc': 1302803860, 'id': 'gq2wd', 'num_comments': 6, 'score': 4, 'selftext': '', 'subreddit': 'transgender', 'title': 'I love these bois! ^_^', 'created': 1302829060.0}"
68,,2011-04-14 18:38:01,gq40j,8,35,,transgender,Hot pink-toenailed boy in ad apparently the end of society,1302831481.0,"{'created_utc': 1302806281, 'id': 'gq40j', 'num_comments': 8, 'score': 35, 'selftext': '', 'subreddit': 'transgender', 'title': 'Hot pink-toenailed boy in ad apparently the end of society', 'created': 1302831481.0}"
69,,2011-04-14 19:48:58,gq5yo,1,6,,transgender,Franken-what? (trans men and the dialogue around genital reconstruction),1302835738.0,"{'created_utc': 1302810538, 'id': 'gq5yo', 'num_comments': 1, 'score': 6, 'selftext': '', 'subreddit': 'transgender', 'title': 'Franken-what? (trans men and the dialogue around genital reconstruction)', 'created': 1302835738.0}"
70,,2011-04-14 20:55:14,gq7nv,0,1,,transgender,The spiritual side of my Thailand experience pre and post op.,1302839714.0,"{'created_utc': 1302814514, 'id': 'gq7nv', 'num_comments': 0, 'score': 1, 'selftext': '', 'subreddit': 'transgender', 'title': 'The spiritual side of my Thailand experience pre and post op.', 'created': 1302839714.0}"
71,,2011-04-15 01:14:40,gqdml,12,60,,transgender,Jon Stewart weighs in on the hot pink toenail cjcrew ad,1302855280.0,"{'created_utc': 1302830080, 'id': 'gqdml', 'num_comments': 12, 'score': 60, 'selftext': '', 'subreddit': 'transgender', 'title': 'Jon Stewart weighs in on the hot pink toenail cjcrew ad', 'created': 1302855280.0}"
72,,2011-04-15 06:27:56,gqkb1,2,14,,transgender,Show Us Your Genitals! and Other Gender Weirdness,1302874076.0,"{'created_utc': 1302848876, 'id': 'gqkb1', 'num_comments': 2, 'score': 14, 'selftext': '', 'subreddit': 'transgender', 'title': 'Show Us Your Genitals! and Other Gender Weirdness', 'created': 1302874076.0}"
73,,2011-04-15 10:44:05,gqnj0,2,17,,transgender,Transgender Woman Beaten In SF,1302889445.0,"{'created_utc': 1302864245, 'id': 'gqnj0', 'num_comments': 2, 'score': 17, 'selftext': '', 'subreddit': 'transgender', 'title': 'Transgender Woman Beaten In SF', 'created': 1302889445.0}"
74,,2011-04-15 11:22:43,gqnz8,14,45,,transgender,New technology for MTF SRS,1302891763.0,"{'created_utc': 1302866563, 'id': 'gqnz8', 'num_comments': 14, 'score': 45, 'selftext': '', 'subreddit': 'transgender', 'title': 'New technology for MTF SRS', 'created': 1302891763.0}"
75,,2011-04-15 20:42:41,gr0u8,18,17,,transgender,"Not safe from hate crime attacks, even in San Francisco.",1302925361.0,"{'created_utc': 1302900161, 'id': 'gr0u8', 'num_comments': 18, 'score': 17, 'selftext': '', 'subreddit': 'transgender', 'title': 'Not safe from hate crime attacks, even in San Francisco.', 'created': 1302925361.0}"
76,,2011-04-16 02:37:19,gr7mq,25,28,,transgender,Autostraddle's Trans Etiquette 101 or how to talk to a transperson. Thoughts?,1302946639.0,"{'created_utc': 1302921439, 'id': 'gr7mq', 'num_comments': 25, 'score': 28, 'selftext': '', 'subreddit': 'transgender', 'title': ""Autostraddle's Trans Etiquette 101 or how to talk to a transperson. Thoughts?"", 'created': 1302946639.0}"
77,,2011-04-16 04:12:21,gr9a2,2,0,,transgender,My friend Victoria Lamarr takes Estrogen to become a woman- what a delightful gal! [xpost from lgbt],1302952341.0,"{'created_utc': 1302927141, 'id': 'gr9a2', 'num_comments': 2, 'score': 0, 'selftext': '', 'subreddit': 'transgender', 'title': 'My friend Victoria Lamarr takes Estrogen to become a woman- what a delightful gal! [xpost from lgbt]', 'created': 1302952341.0}"
78,,2011-04-17 10:50:18,gs023,0,3,,transgender,Transgendered pony? =D (crosspost from /mylittlepony),1303062618.0,"{'created_utc': 1303037418, 'id': 'gs023', 'num_comments': 0, 'score': 3, 'selftext': '', 'subreddit': 'transgender', 'title': 'Transgendered pony? =D (crosspost from /mylittlepony)', 'created': 1303062618.0}"
79,,2011-04-17 12:02:58,gs0o3,43,32,,transgender,"Boy, 10, the youngest Australian to have sex change 
",1303066978.0,"{'created_utc': 1303041778, 'id': 'gs0o3', 'num_comments': 43, 'score': 32, 'selftext': '', 'subreddit': 'transgender', 'title': 'Boy, 10, the youngest Australian to have sex change \n', 'created': 1303066978.0}"
80,,2011-04-17 12:05:32,gs0p6,0,7,,transgender,"Woman in jail has brain tumor believed to be caused by high estrogen. Dr lowers estrogen below maintenance levels and inmate sues state for GRS. Also, pronoun fail.",1303067132.0,"{'created_utc': 1303041932, 'id': 'gs0p6', 'num_comments': 0, 'score': 7, 'selftext': '', 'subreddit': 'transgender', 'title': 'Woman in jail has brain tumor believed to be caused by high estrogen. Dr lowers estrogen below maintenance levels and inmate sues state for GRS. Also, pronoun fail.', 'created': 1303067132.0}"
81,,2011-04-18 02:19:35,gsfp8,1,2,,transgender,New tool released for medical professionals treating transgendered people,1303118375.0,"{'created_utc': 1303093175, 'id': 'gsfp8', 'num_comments': 1, 'score': 2, 'selftext': '', 'subreddit': 'transgender', 'title': 'New tool released for medical professionals treating transgendered people', 'created': 1303118375.0}"
82,,2011-04-18 13:07:19,gsq08,2,5,,transgender,Being trans in Malaysia ,1303157239.0,"{'created_utc': 1303132039, 'id': 'gsq08', 'num_comments': 2, 'score': 5, 'selftext': '', 'subreddit': 'transgender', 'title': 'Being trans in Malaysia ', 'created': 1303157239.0}"
83,,2011-04-18 16:01:31,gstyz,24,43,,transgender,I &lt;3 roller derby!! ^_^,1303167691.0,"{'created_utc': 1303142491, 'id': 'gstyz', 'num_comments': 24, 'score': 43, 'selftext': '', 'subreddit': 'transgender', 'title': 'I &lt;3 roller derby!! ^_^', 'created': 1303167691.0}"
84,,2011-04-18 17:41:43,gswoe,3,11,,transgender,"Trans employee awarded 35,000 pounds from Equality Tribunal",1303173703.0,"{'created_utc': 1303148503, 'id': 'gswoe', 'num_comments': 3, 'score': 11, 'selftext': '', 'subreddit': 'transgender', 'title': 'Trans employee awarded 35,000 pounds from Equality Tribunal', 'created': 1303173703.0}"
85,,2011-04-18 18:58:51,gsyr3,1,5,,transgender,Thoughts on The Endocrine Society Clinical Practice Guidelines?,1303178331.0,"{'created_utc': 1303153131, 'id': 'gsyr3', 'num_comments': 1, 'score': 5, 'selftext': '', 'subreddit': 'transgender', 'title': 'Thoughts on The Endocrine Society Clinical Practice Guidelines?', 'created': 1303178331.0}"
86,,2011-04-19 00:07:40,gt636,0,1,,transgender,Nevada Assembly passes transgender [anti]discrimination bill,1303196860.0,"{'created_utc': 1303171660, 'id': 'gt636', 'num_comments': 0, 'score': 1, 'selftext': '', 'subreddit': 'transgender', 'title': 'Nevada Assembly passes transgender [anti]discrimination bill', 'created': 1303196860.0}"
87,,2011-04-19 00:17:22,gt6bi,1,13,,transgender,Sexual orientation and gender identity policy fellowship available at UCLA for a recent social science graduate,1303197442.0,"{'created_utc': 1303172242, 'id': 'gt6bi', 'num_comments': 1, 'score': 13, 'selftext': '', 'subreddit': 'transgender', 'title': 'Sexual orientation and gender identity policy fellowship available at UCLA for a recent social science graduate', 'created': 1303197442.0}"
88,,2011-04-19 01:00:36,gt7aq,3,5,,transgender,Asking for a marriage blessing,1303200036.0,"{'created_utc': 1303174836, 'id': 'gt7aq', 'num_comments': 3, 'score': 5, 'selftext': '', 'subreddit': 'transgender', 'title': 'Asking for a marriage blessing', 'created': 1303200036.0}"
89,,2011-04-19 03:55:27,gtbg1,1,20,,transgender,Nevada Assembly approves measure protecting transgender people from employment discrimination,1303210527.0,"{'created_utc': 1303185327, 'id': 'gtbg1', 'num_comments': 1, 'score': 20, 'selftext': '', 'subreddit': 'transgender', 'title': 'Nevada Assembly approves measure protecting transgender people from employment discrimination', 'created': 1303210527.0}"
90,,2011-04-19 21:04:23,gtw2q,4,24,,transgender,London transgender conference cancelled after trans complaints. (Yay!),1303272263.0,"{'created_utc': 1303247063, 'id': 'gtw2q', 'num_comments': 4, 'score': 24, 'selftext': '', 'subreddit': 'transgender', 'title': 'London transgender conference cancelled after trans complaints. (Yay!)', 'created': 1303272263.0}"
91,,2011-04-20 06:25:20,gu971,8,8,,transgender,Lawsuit asks California to pay for inmate's sex-change operation -- TIL 59% of transgender inmates said they did not want to move to a women's institution.,1303305920.0,"{'created_utc': 1303280720, 'id': 'gu971', 'num_comments': 8, 'score': 8, 'selftext': '', 'subreddit': 'transgender', 'title': ""Lawsuit asks California to pay for inmate's sex-change operation -- TIL 59% of transgender inmates said they did not want to move to a women's institution."", 'created': 1303305920.0}"
92,,2011-04-20 07:27:56,guacs,14,22,,transgender,Know your enemy: a screed against SRS by a former Johns Hopkins psychiatrist,1303309676.0,"{'created_utc': 1303284476, 'id': 'guacs', 'num_comments': 14, 'score': 22, 'selftext': '', 'subreddit': 'transgender', 'title': 'Know your enemy: a screed against SRS by a former Johns Hopkins psychiatrist', 'created': 1303309676.0}"
93,,2011-04-20 15:40:09,guj8v,5,22,,transgender,A Mother's princess boy...,1303339209.0,"{'created_utc': 1303314009, 'id': 'guj8v', 'num_comments': 5, 'score': 22, 'selftext': '', 'subreddit': 'transgender', 'title': ""A Mother's princess boy..."", 'created': 1303339209.0}"
94,,2011-04-22 23:14:14,gvc4p,68,45,,transgender,Transgender Woman Severely Beaten at Baltimore McDonalds While Employees Watch,1303539254.0,"{'created_utc': 1303514054, 'id': 'gvc4p', 'num_comments': 68, 'score': 45, 'selftext': '', 'subreddit': 'transgender', 'title': 'Transgender Woman Severely Beaten at Baltimore McDonalds While Employees Watch', 'created': 1303539254.0}"
95,,2011-04-23 03:52:46,gvip1,1,14,,transgender,Trans employment protection (map),1303555966.0,"{'created_utc': 1303530766, 'id': 'gvip1', 'num_comments': 1, 'score': 14, 'selftext': '', 'subreddit': 'transgender', 'title': 'Trans employment protection (map)', 'created': 1303555966.0}"
96,,2011-04-23 05:54:15,gvkx8,0,0,,transgender,Attention Boston LGBTQ Community! Monthly Queer Live Music &amp; Dance Party in Somerville ,1303563255.0,"{'created_utc': 1303538055, 'id': 'gvkx8', 'num_comments': 0, 'score': 0, 'selftext': '', 'subreddit': 'transgender', 'title': 'Attention Boston LGBTQ Community! Monthly Queer Live Music &amp; Dance Party in Somerville ', 'created': 1303563255.0}"
97,,2011-04-23 17:10:32,gvt5f,16,47,,transgender,Texas seeks to ban trans people from marrying *anyone*,1303603832.0,"{'created_utc': 1303578632, 'id': 'gvt5f', 'num_comments': 16, 'score': 47, 'selftext': '', 'subreddit': 'transgender', 'title': 'Texas seeks to ban trans people from marrying *anyone*', 'created': 1303603832.0}"
98,,2011-04-23 19:07:15,gvv9l,0,1,,transgender,"Like everyone else, I've decided to start blogging about my transition...",1303610835.0,"{'created_utc': 1303585635, 'id': 'gvv9l', 'num_comments': 0, 'score': 1, 'selftext': '', 'subreddit': 'transgender', 'title': ""Like everyone else, I've decided to start blogging about my transition..."", 'created': 1303610835.0}"
99,,2011-04-23 19:22:09,gvvj4,3,2,,transgender,Being trans in the UAE,1303611729.0,"{'created_utc': 1303586529, 'id': 'gvvj4', 'num_comments': 3, 'score': 2, 'selftext': '', 'subreddit': 'transgender', 'title': 'Being trans in the UAE', 'created': 1303611729.0}"
100,,2011-04-23 21:17:09,gvxg1,2,0,,transgender,A transgender woman was brutally assault in Baltimore in an attack captured on video,1303618629.0,"{'created_utc': 1303593429, 'id': 'gvxg1', 'num_comments': 2, 'score': 0, 'selftext': '', 'subreddit': 'transgender', 'title': 'A transgender woman was brutally assault in Baltimore in an attack captured on video', 'created': 1303618629.0}"
101,,2011-04-24 00:33:25,gw0yc,19,36,,transgender,Update on the beating in baltimore ,1303630405.0,"{'created_utc': 1303605205, 'id': 'gw0yc', 'num_comments': 19, 'score': 36, 'selftext': '', 'subreddit': 'transgender', 'title': 'Update on the beating in baltimore ', 'created': 1303630405.0}"
102,,2011-04-24 03:26:21,gw3sg,0,1,,transgender,Tonight we drink wine and party on cam. The /r/transgender TinyChat is here again! =),1303640781.0,"{'created_utc': 1303615581, 'id': 'gw3sg', 'num_comments': 0, 'score': 1, 'selftext': '', 'subreddit': 'transgender', 'title': 'Tonight we drink wine and party on cam. The /r/transgender TinyChat is here again! =)', 'created': 1303640781.0}"
103,,2011-04-24 07:05:53,gw6yv,3,7,,transgender,Native American transgender woman lets identity shine,1303653953.0,"{'created_utc': 1303628753, 'id': 'gw6yv', 'num_comments': 3, 'score': 7, 'selftext': '', 'subreddit': 'transgender', 'title': 'Native American transgender woman lets identity shine', 'created': 1303653953.0}"
104,,2011-04-24 14:44:46,gwbc9,2,6,,transgender,"Christian Siriano still using transphobic slurs: ""I was asked to do some of the tranniest, tackiest things."" ",1303681486.0,"{'created_utc': 1303656286, 'id': 'gwbc9', 'num_comments': 2, 'score': 6, 'selftext': '', 'subreddit': 'transgender', 'title': 'Christian Siriano still using transphobic slurs: ""I was asked to do some of the tranniest, tackiest things."" ', 'created': 1303681486.0}"
105,,2011-04-24 15:47:27,gwccd,16,30,,transgender,"I am a straight, cisgendered man, and I cried like a baby at the end of this movie.  Everyone should check it out.",1303685247.0,"{'created_utc': 1303660047, 'id': 'gwccd', 'num_comments': 16, 'score': 30, 'selftext': '', 'subreddit': 'transgender', 'title': 'I am a straight, cisgendered man, and I cried like a baby at the end of this movie.  Everyone should check it out.', 'created': 1303685247.0}"
106,,2011-04-24 19:13:18,gwgag,1,2,,transgender,Update from the supposed advocate for prisoners rights (from /r/tp),1303697598.0,"{'created_utc': 1303672398, 'id': 'gwgag', 'num_comments': 1, 'score': 2, 'selftext': '', 'subreddit': 'transgender', 'title': 'Update from the supposed advocate for prisoners rights (from /r/tp)', 'created': 1303697598.0}"
107,,2011-04-24 19:27:27,gwgk7,0,1,,transgender,The government needs to address ambiguity in records with regards to gender,1303698447.0,"{'created_utc': 1303673247, 'id': 'gwgk7', 'num_comments': 0, 'score': 1, 'selftext': '', 'subreddit': 'transgender', 'title': 'The government needs to address ambiguity in records with regards to gender', 'created': 1303698447.0}"
108,,2011-04-24 19:28:13,gwgks,2,6,,transgender,The government needs to address ambiguity in records with regard to gender,1303698493.0,"{'created_utc': 1303673293, 'id': 'gwgks', 'num_comments': 2, 'score': 6, 'selftext': '', 'subreddit': 'transgender', 'title': 'The government needs to address ambiguity in records with regard to gender', 'created': 1303698493.0}"
109,,2011-04-25 04:21:29,gwrbi,9,30,,transgender,A Dad Testifies for His Transgender Teen Daughter in Maine Debate on Restroom Bill,1303730489.0,"{'created_utc': 1303705289, 'id': 'gwrbi', 'num_comments': 9, 'score': 30, 'selftext': '', 'subreddit': 'transgender', 'title': 'A Dad Testifies for His Transgender Teen Daughter in Maine Debate on Restroom Bill', 'created': 1303730489.0}"
110,,2011-04-25 05:45:59,gwszi,0,3,,transgender,Every time I go to r/transphobiaproject,1303735559.0,"{'created_utc': 1303710359, 'id': 'gwszi', 'num_comments': 0, 'score': 3, 'selftext': '', 'subreddit': 'transgender', 'title': 'Every time I go to r/transphobiaproject', 'created': 1303735559.0}"
111,,2011-04-25 16:05:40,gx2a0,0,2,,transgender,From Bathrooms To Board Rooms: Is Being Transgender A Promotion Problem?,1303772740.0,"{'created_utc': 1303747540, 'id': 'gx2a0', 'num_comments': 0, 'score': 2, 'selftext': '', 'subreddit': 'transgender', 'title': 'From Bathrooms To Board Rooms: Is Being Transgender A Promotion Problem?', 'created': 1303772740.0}"
112,,2011-04-26 02:38:08,gxgkh,0,3,,transgender,"In 60 More Days, TG people may find it all but impossible to obtain a passport.  ",1303810688.0,"{'created_utc': 1303785488, 'id': 'gxgkh', 'num_comments': 0, 'score': 3, 'selftext': '', 'subreddit': 'transgender', 'title': 'In 60 More Days, TG people may find it all but impossible to obtain a passport.  ', 'created': 1303810688.0}"
113,,2011-04-26 02:51:44,gxgwy,0,1,,transgender,The Hijra in Pakistan . . .  Participating in tax season? ,1303811504.0,"{'created_utc': 1303786304, 'id': 'gxgwy', 'num_comments': 0, 'score': 1, 'selftext': '', 'subreddit': 'transgender', 'title': 'The Hijra in Pakistan . . .  Participating in tax season? ', 'created': 1303811504.0}"
114,,2011-04-26 04:35:23,gxj70,0,1,,transgender,Fear and Self-Loathing in San Francisco,1303817723.0,"{'created_utc': 1303792523, 'id': 'gxj70', 'num_comments': 0, 'score': 1, 'selftext': '', 'subreddit': 'transgender', 'title': 'Fear and Self-Loathing in San Francisco', 'created': 1303817723.0}"
115,,2011-04-26 11:32:52,gxp4a,12,24,,transgender,A rather good trans survey (it's long though),1303842772.0,"{'created_utc': 1303817572, 'id': 'gxp4a', 'num_comments': 12, 'score': 24, 'selftext': '', 'subreddit': 'transgender', 'title': ""A rather good trans survey (it's long though)"", 'created': 1303842772.0}"
116,,2011-04-26 13:41:39,gxrc4,0,3,,transgender,Pretty good summary of Jennifer Usher (X-Post from r/LGBT),1303850499.0,"{'created_utc': 1303825299, 'id': 'gxrc4', 'num_comments': 0, 'score': 3, 'selftext': '', 'subreddit': 'transgender', 'title': 'Pretty good summary of Jennifer Usher (X-Post from r/LGBT)', 'created': 1303850499.0}"
117,,2011-04-26 14:29:23,gxse6,1,5,,transgender,Sandals With Glitter - An essay from ten years ago [x-post from r/lgbt],1303853363.0,"{'created_utc': 1303828163, 'id': 'gxse6', 'num_comments': 1, 'score': 5, 'selftext': '', 'subreddit': 'transgender', 'title': 'Sandals With Glitter - An essay from ten years ago [x-post from r/lgbt]', 'created': 1303853363.0}"
118,,2011-04-27 00:28:30,gy7g7,2,15,,transgender,Community rallies around trans assault victim in Baltimore,1303889310.0,"{'created_utc': 1303864110, 'id': 'gy7g7', 'num_comments': 2, 'score': 15, 'selftext': '', 'subreddit': 'transgender', 'title': 'Community rallies around trans assault victim in Baltimore', 'created': 1303889310.0}"
119,,2011-04-27 02:45:04,gyamf,1,21,,transgender,Pakistan to offer third gender option on identity cards,1303897504.0,"{'created_utc': 1303872304, 'id': 'gyamf', 'num_comments': 1, 'score': 21, 'selftext': '', 'subreddit': 'transgender', 'title': 'Pakistan to offer third gender option on identity cards', 'created': 1303897504.0}"
120,,2011-04-27 21:50:11,gyrb6,0,11,,transgender,Matt Kailey: comments on the Baltimore McDonald's assault,1303966211.0,"{'created_utc': 1303941011, 'id': 'gyrb6', 'num_comments': 0, 'score': 11, 'selftext': '', 'subreddit': 'transgender', 'title': ""Matt Kailey: comments on the Baltimore McDonald's assault"", 'created': 1303966211.0}"
121,,2011-04-28 01:05:31,gywgd,3,20,,transgender,The Wrong Amount Of Wrong: Barred For Life From The Cosmopolitan For Being Transgender.,1303977931.0,"{'created_utc': 1303952731, 'id': 'gywgd', 'num_comments': 3, 'score': 20, 'selftext': '', 'subreddit': 'transgender', 'title': 'The Wrong Amount Of Wrong: Barred For Life From The Cosmopolitan For Being Transgender.', 'created': 1303977931.0}"
122,,2011-04-28 02:35:17,gyysd,23,10,,transgender,Dan Savage... *not* being a transphobic douche? Is there something wrong with my eyes?,1303983317.0,"{'created_utc': 1303958117, 'id': 'gyysd', 'num_comments': 23, 'score': 10, 'selftext': '', 'subreddit': 'transgender', 'title': 'Dan Savage... *not* being a transphobic douche? Is there something wrong with my eyes?', 'created': 1303983317.0}"
123,,2011-04-28 07:19:30,gz4x4,0,1,,transgender,Volunteering with the Hijras: India's Third Gender,1304000370.0,"{'created_utc': 1303975170, 'id': 'gz4x4', 'num_comments': 0, 'score': 1, 'selftext': '', 'subreddit': 'transgender', 'title': ""Volunteering with the Hijras: India's Third Gender"", 'created': 1304000370.0}"
124,,2011-04-28 13:23:57,gzaaa,5,23,,transgender,This is basically how I feel when hearing about things like the recent brutality at McDonald's... Only she says it better then I could.,1304022237.0,"{'created_utc': 1303997037, 'id': 'gzaaa', 'num_comments': 5, 'score': 23, 'selftext': '', 'subreddit': 'transgender', 'title': ""This is basically how I feel when hearing about things like the recent brutality at McDonald's... Only she says it better then I could."", 'created': 1304022237.0}"
125,,2011-04-28 17:40:50,gzgq2,7,34,,transgender,White House to host first ever trans meeting,1304037650.0,"{'created_utc': 1304012450, 'id': 'gzgq2', 'num_comments': 7, 'score': 34, 'selftext': '', 'subreddit': 'transgender', 'title': 'White House to host first ever trans meeting', 'created': 1304037650.0}"
126,,2011-04-28 17:44:08,gzgtc,8,16,,transgender,A Queer Three-way: Interview with Julia Serano &amp; Helen Boyd.,1304037848.0,"{'created_utc': 1304012648, 'id': 'gzgtc', 'num_comments': 8, 'score': 16, 'selftext': '', 'subreddit': 'transgender', 'title': 'A Queer Three-way: Interview with Julia Serano &amp; Helen Boyd.', 'created': 1304037848.0}"
127,,2011-04-28 18:10:01,gzhjj,4,0,,transgender,my changing room experience,1304039401.0,"{'created_utc': 1304014201, 'id': 'gzhjj', 'num_comments': 4, 'score': 0, 'selftext': '', 'subreddit': 'transgender', 'title': 'my changing room experience', 'created': 1304039401.0}"
128,,2011-04-28 18:45:58,gzikk,0,19,,transgender,Open courseware for a university seminar on transgender studies (includes video lectures),1304041558.0,"{'created_utc': 1304016358, 'id': 'gzikk', 'num_comments': 0, 'score': 19, 'selftext': '', 'subreddit': 'transgender', 'title': 'Open courseware for a university seminar on transgender studies (includes video lectures)', 'created': 1304041558.0}"
129,,2011-04-28 18:54:39,gzis2,5,16,,transgender,"We introduce ourselves this way: “I’m John, and I’m a pre-op trans man” or “I’m Jane, and I’m a post-op trans woman.” We might as well say, “I’m John, and I’m a dickless trans man” or “I’m Jane, and I’m a vaginally endowed trans woman” – because these terms specifically refer to genitalia.",1304042079.0,"{'created_utc': 1304016879, 'id': 'gzis2', 'num_comments': 5, 'score': 16, 'selftext': '', 'subreddit': 'transgender', 'title': 'We introduce ourselves this way: “I’m John, and I’m a pre-op trans man” or “I’m Jane, and I’m a post-op trans woman.” We might as well say, “I’m John, and I’m a dickless trans man” or “I’m Jane, and I’m a vaginally endowed trans woman” – because these terms specifically refer to genitalia.', 'created': 1304042079.0}"
130,,2011-04-28 20:06:12,gzkrm,0,1,,transgender,The Assault on Chrissy Lee Polis: The Not So Innocent Bystanders,1304046372.0,"{'created_utc': 1304021172, 'id': 'gzkrm', 'num_comments': 0, 'score': 1, 'selftext': '', 'subreddit': 'transgender', 'title': 'The Assault on Chrissy Lee Polis: The Not So Innocent Bystanders', 'created': 1304046372.0}"
131,,2011-04-28 20:57:51,gzm41,1,28,,transgender,Still Black: A Portrait of Black Trans Men,1304049471.0,"{'created_utc': 1304024271, 'id': 'gzm41', 'num_comments': 1, 'score': 28, 'selftext': '', 'subreddit': 'transgender', 'title': 'Still Black: A Portrait of Black Trans Men', 'created': 1304049471.0}"
132,,2011-04-28 22:16:58,gzo4k,2,28,,transgender,he U.S. Department of Labor today announced that it will explicitly prohibit workplace discrimination on the basis of gender identity within the department. ,1304054218.0,"{'created_utc': 1304029018, 'id': 'gzo4k', 'num_comments': 2, 'score': 28, 'selftext': '', 'subreddit': 'transgender', 'title': 'he U.S. Department of Labor today announced that it will explicitly prohibit workplace discrimination on the basis of gender identity within the department. ', 'created': 1304054218.0}"
133,,2011-04-29 04:03:23,gzvxp,3,22,,transgender,White House to host first-ever meeting with trans activists,1304075003.0,"{'created_utc': 1304049803, 'id': 'gzvxp', 'num_comments': 3, 'score': 22, 'selftext': '', 'subreddit': 'transgender', 'title': 'White House to host first-ever meeting with trans activists', 'created': 1304075003.0}"
134,,2011-04-29 06:03:24,gzy7c,7,31,,transgender,Professor fired and denied tenure at Oklahoma State University because she's trans,1304082204.0,"{'created_utc': 1304057004, 'id': 'gzy7c', 'num_comments': 7, 'score': 31, 'selftext': '', 'subreddit': 'transgender', 'title': ""Professor fired and denied tenure at Oklahoma State University because she's trans"", 'created': 1304082204.0}"
135,,2011-04-29 19:49:46,h0dgs,10,45,,transgender,"Lyon-Martin just needs $4,084 more by *tomorrow* to stay open! Support low-cost health care for trans women and trans men",1304131786.0,"{'created_utc': 1304106586, 'id': 'h0dgs', 'num_comments': 10, 'score': 45, 'selftext': '', 'subreddit': 'transgender', 'title': 'Lyon-Martin just needs $4,084 more by *tomorrow* to stay open! Support low-cost health care for trans women and trans men', 'created': 1304131786.0}"
136,,2011-04-29 22:38:20,h0h8k,5,11,,transgender,"Answer to the ""where does science stand on the 'whole man trapped in a woman's body thing'?"" thread",1304141900.0,"{'created_utc': 1304116700, 'id': 'h0h8k', 'num_comments': 5, 'score': 11, 'selftext': '', 'subreddit': 'transgender', 'title': 'Answer to the ""where does science stand on the \'whole man trapped in a woman\'s body thing\'?"" thread', 'created': 1304141900.0}"
137,,2011-04-30 03:51:32,h0mvj,37,64,,transgender,Someone asked for before/after pictures. Here's mine after a year and change of hormones.,1304160692.0,"{'created_utc': 1304135492, 'id': 'h0mvj', 'num_comments': 37, 'score': 64, 'selftext': '', 'subreddit': 'transgender', 'title': ""Someone asked for before/after pictures. Here's mine after a year and change of hormones."", 'created': 1304160692.0}"
