,0
0,How do I deal with chest dysphoria at night?
1,How do I know if a binder is right for me?
2,"Big hair, big euphoria."
3,I gave myself a haircut &amp; did my makeup ðŸ¦”
4,Iâ€™m having trouble identifying myself and I need some advice/articles/literature on the topic.
5,Combining/confusing gender and sexuality - advice/help?
6,How about this ?
7,My style today for an interview
8,is wanting to be nonbinary all it takes to be nonbinary?
9,Zendaya Corrects Gendered Question About the Qualities She Looks for in a Man
